Time,End_time,Duration_s,Flow_Lmin,Litros_totales,Pred_RF,Prob_RF
1758727101,1758727152,51,20.0,17.0,Baño,0.5164421150869689
1758733041,1758733092,51,20.0,17.0,Cocina,0.5099982132647655
1758733989,1758734040,51,20.0,17.0,Baño,0.5125268509694696
